location_id,country,lon,lat,x,y,row,col,records,count,evidence_weight,first_date,last_date
0,Argentina,-64.0,-34.0,-5710307.382931621,-4108337.847086079,13108.337847086079,12330.69261706838,4,4,4.0,1990-07-01,1998-07-01
1,Australia,146.48317,-18.61231,14201749.758872341,-2285760.180937116,11285.760180937115,32242.74975887234,3,3,3.0,2021-04-15,2021-04-15
2,Bolivia,-67.48,-15.46,-6610863.940875944,-1902643.1189693273,10902.643118969327,11430.136059124055,1,1,1.0,2011-06-15,2011-06-15
3,Brazil,-55.3852,-12.2988,-5471875.311088496,-1516203.0302960158,10516.203030296016,12569.124688911503,1,1,1.0,2016-06-15,2016-06-15
4,Brazil,-48.33,-1.86,-4842191.256106443,-229963.97436577268,9229.963974365774,13198.808743893558,1,1,1.0,2009-09-15,2009-09-15
5,Brazil,-48.08,-1.84,-4817177.215412449,-227491.5709680926,9227.491570968092,13223.822784587552,1,1,1.0,2009-10-15,2009-10-15
6,Cambodia,105.08,10.95,10412654.078778328,1350750.0759716877,7649.249924028312,28453.65407877833,2,2,2.0,2016-02-15,2018-06-15
7,Canada,-123.728,49.109,-9520081.598437164,5779848.7793665035,3220.1512206334965,8520.918401562836,1,1,1.0,2011-02-15,2011-02-15
8,Canada,-97.1,49.9,-7395430.635775115,5862995.819992258,3137.0041800077415,10645.569364224884,9,9,9.0,2023-07-01,2025-07-01
9,China,83.96,43.23,6910196.55089671,5147138.232344069,3852.8617676559315,24951.19655089671,1,1,1.0,2015-09-15,2015-09-15
10,China,98.71,27.21,9200399.540033042,3315587.4563706215,5684.412543629378,27241.399540033042,18,18,18.0,2012-08-15,2012-08-15
11,China,104.7,23.12,9963945.529147713,2828799.0410248134,6171.200958975187,28004.945529147713,1,1,1.0,2017-05-15,2017-05-15
12,China,110.0,21.34,10551003.574640723,2615110.3416309366,6384.889658369064,28592.003574640723,1,1,1.0,2017-04-15,2017-04-15
13,China,112.35,28.57,10390347.452234497,3476014.7492582956,5523.9852507417045,28431.3474522345,1,1,1.0,2017-03-15,2017-03-15
14,China,113.27,23.13,10779025.599277169,2829996.5822339994,6170.003417766,28820.02559927717,5,5,5.0,2014-05-15,2017-02-15
15,China,118.06,24.27,11174189.955178212,2966289.9675562335,6033.710032443767,29215.18995517821,1,1,1.0,2015-11-15,2015-11-15
16,China,119.94,47.18,9449743.527025888,5575039.542066683,3424.9604579333172,27490.743527025887,3,3,3.0,2003-04-15,2003-04-15
17,China,120.95,40.71,10204529.349407785,4868604.379466825,4131.395620533175,28245.529349407785,3,3,3.0,2018-08-15,2018-08-15
18,China,124.36,40.8,10483342.250821084,4878622.100046948,4121.377899953052,28524.342250821086,3,3,3.0,2003-05-15,2003-05-15
19,China,133.8,46.32,10648091.272659432,5482826.493814435,3517.173506185565,28689.091272659432,4,4,4.0,2020-06-15,2020-06-15
20,Czechia,17.33,49.54,1326093.183820057,5825215.502450531,3174.784497549468,19367.093183820056,1,1,1.0,2015-07-01,2015-07-01
21,Finland,26.4,62.57,1624884.6698931567,7118745.487168237,1881.2545128317633,19665.884669893156,109,109,109.0,2005-07-01,2009-07-01
22,Finland,27.08,62.18,1680663.6974878358,7082488.32013729,1917.5116798627096,19721.663697487835,10,10,10.0,2008-12-15,2008-12-15
23,Germany,7.769,48.194,604650.9550307922,5683055.086264282,3316.944913735718,18645.650955030793,2,2,2.0,2012-07-01,2012-07-01
24,Germany,10.063,49.133,774047.5602990496,5782378.850946289,3217.6211490537116,18815.04756029905,1,1,1.0,2012-07-01,2012-07-01
25,Germany,12.161,50.031,924629.5247203332,5876717.927394743,3123.282072605257,18965.629524720334,2,2,2.0,2015-07-01,2015-07-01
26,Germany,12.168,50.04,925052.332975297,5877660.161360275,3122.339838639725,18966.052332975298,2,2,2.0,2015-07-01,2015-07-01
27,Indonesia,106.84,-6.19,10669240.463284958,-764791.0775228069,9764.791077522807,28710.240463284958,1,1,1.0,2016-03-15,2016-03-15
28,Indonesia,112.75,-7.26,11244133.77042229,-896740.941241013,9896.740941241012,29285.13377042229,1,1,1.0,2015-11-15,2015-11-15
29,Japan,141.38009,43.19384,11640395.41432645,5143170.9230194865,3856.8290769805135,29681.39541432645,6,6,6.0,2013-10-15,2013-10-15
30,Japan,141.45194,43.18971,11646805.447193813,5142717.742584174,3857.2822574158263,29687.805447193812,6,6,6.0,2013-09-15,2013-09-15
31,Japan,141.45309,43.18099,11647943.694259336,5141760.868865051,3858.2391311349484,29688.94369425934,2,2,2.0,2015-06-15,2015-06-15
32,Japan,141.57328,43.53557,11615183.06887452,5180628.854821313,3819.3711451786867,29656.183068874518,2,2,2.0,2015-06-15,2015-06-15
33,Japan,141.75497,43.05139,11688317.445138415,5127533.444152707,3872.4665558472925,29729.317445138415,2,2,2.0,2015-10-15,2015-10-15
34,Japan,141.8799,43.28118,11671048.961896902,5152751.967433528,3847.248032566472,29712.0489618969,3,3,3.0,2011-10-15,2011-10-15
35,Japan,144.55026,43.2424,11895464.764309311,5148498.501510624,3851.501498489376,29936.464764309312,5,5,5.0,2013-10-15,2016-02-15
36,Latvia,23.53,56.74,1618607.8040710818,6559918.719894183,2440.0812801058173,19659.60780407108,1,1,1.0,2008-04-15,2008-04-15
37,Latvia,24.1,56.59,1662015.4582180828,6545088.147559858,2454.911852440142,19703.015458218084,2,2,2.0,2008-05-15,2008-05-15
38,Latvia,26.71,56.81,1835180.6965772184,6566832.278588946,2433.167721411054,19876.18069657722,2,2,2.0,2008-05-15,2008-05-15
39,Lithuania,26.2,55.85,1829130.3907944062,6471611.232792133,2528.3887672078663,19870.130390794406,1,1,1.0,2015-07-01,2015-07-01
40,Madagascar,47.52656,-18.93295,4602347.257172395,-2324585.9277370987,11324.585927737098,22643.347257172394,3,3,3.0,2015-03-15,2015-03-15
41,Madagascar,48.016,-18.3116,4660268.024564425,-2249322.351144302,11249.322351144303,22701.268024564426,14,14,14.0,2008-10-15,2009-03-15
42,Mexico,-99.5,17.36,-9689102.78342337,2133857.2798730377,6866.142720126962,8351.89721657663,24,24,24.0,2006-05-12,2006-05-15
43,Mexico,-99.5,17.45,-9686152.550422357,2144787.687475546,6855.212312524454,8354.847449577643,8,8,8.0,2007-05-14,2007-05-14
44,Mexico,-99.49,17.35,-9688455.82338614,2132642.6635150616,6867.357336484938,8352.54417661386,6,6,6.0,2006-05-12,2007-05-14
45,Mexico,-99.49,17.36,-9688129.004249154,2133857.2798730377,6866.142720126962,8352.870995750845,13,13,13.0,2006-05-12,2006-05-15
46,Mexico,-99.28,17.22,-9672228.17202251,2116850.356655326,6883.149643344674,8368.771827977489,1,1,1.0,2007-05-15,2007-05-15
47,Mexico,-99.14,19.03,-9596996.79424727,2336331.9684763732,6663.668031523626,8444.00320575273,1,1,1.0,2006-05-15,2006-05-15
48,Mexico,-90.88,16.15,-8884566.862466551,1986709.5081843976,7013.290491815602,9156.433137533448,1,1,1.0,2010-10-15,2010-10-15
49,Mexico,-89.49,18.4,-8682841.718178019,2260036.5377917076,6739.963462208292,9358.158281821981,1,1,1.0,2010-10-15,2010-10-15
50,Mexico,-89.46,18.4,-8679930.94321383,2260036.5377917076,6739.963462208292,9361.06905678617,1,1,1.0,2010-10-15,2010-10-15
51,Mongolia,100.763,51.0186,7560683.191265147,5979720.292728295,3020.279707271705,25601.683191265147,1,1,1.0,2010-08-15,2010-08-15
52,Mongolia,100.784,51.0501,7559012.707832202,5982992.466097365,3017.0075339026343,25600.012707832204,1,1,1.0,2010-08-15,2010-08-15
53,Panama,-80.51667,8.33333,-8016923.242096155,1028980.7322648203,7971.01926773518,10024.076757903844,7,7,7.0,2006-03-15,2006-03-29
54,Panama,-80.46667,7.41667,-8022894.858925449,916051.4551050885,8083.948544894912,10018.105141074551,3,3,3.0,2003-01-15,2003-01-15
55,Paraguay,-58.0,-23.0,-5522714.803924797,-2814425.9038600908,11814.42590386009,12518.285196075203,1,1,1.0,1997-07-01,1997-07-01
56,Paraguay,-55.67,-26.63,-5205380.593157593,-3246941.3127083536,12246.941312708354,12835.619406842407,2,2,2.0,2019-02-15,2019-02-15
57,Paraguay,-55.67,-26.62,-5205663.279742026,-3245756.5896117506,12245.75658961175,12835.336720257974,6,6,6.0,2019-02-15,2019-02-15
58,Paraguay,-55.669,-24.1379,-5272368.309951309,-2950520.0013323165,11950.520001332316,12768.63169004869,1,1,1.0,2016-02-15,2016-02-15
59,Paraguay,-55.66,-26.63,-5204445.550838003,-3246941.3127083536,12246.941312708354,12836.554449161997,2,2,2.0,2019-02-15,2019-02-15
60,Paraguay,-55.53752,-24.1313,-5260084.247785014,-2949731.9371870887,11949.731937187089,12780.915752214987,1,1,1.0,2014-08-15,2014-08-15
61,Paraguay,-55.5369,-24.1306,-5260043.374053407,-2949648.353719672,11949.648353719673,12780.956625946594,2,2,2.0,2016-10-15,2016-10-15
62,Paraguay,-55.5052,-24.12383,-5257213.473701977,-2948839.973214707,11948.839973214706,12783.786526298023,1,1,1.0,2014-08-15,2014-08-15
63,Paraguay,-55.5048,-24.1239,-5257173.804204536,-2948848.3317373763,11948.848331737376,12783.826195795464,5,5,5.0,2016-02-15,2017-02-15
64,Paraguay,-55.502,-24.1316,-5256712.423729967,-2949767.758619907,11949.767758619906,12784.287576270031,23,23,23.0,2016-02-15,2017-02-15
65,Paraguay,-55.4651,-24.1212,-5253482.320803925,-2948525.930318059,11948.52593031806,12787.517679196075,9,9,9.0,2016-02-15,2016-02-15
66,Paraguay,-55.4326,-24.1314,-5250144.49211122,-2949743.877668243,11949.743877668243,12790.85550788878,2,2,2.0,2015-06-15,2015-06-15
67,Paraguay,-55.38518,-24.13453,-5245573.644477961,-2950117.6129348404,11950.11761293484,12795.426355522039,1,1,1.0,2014-08-15,2014-08-15
68,Paraguay,-55.3664,-24.1412,-5243625.383735996,-2950914.0276081,11950.9140276081,12797.374616264005,10,10,10.0,2016-02-15,2017-02-15
69,Paraguay,-55.359,-24.141,-5242929.631867258,-2950890.1473377747,11950.890147337775,12798.070368132743,1,1,1.0,2014-08-15,2014-08-15
70,Paraguay,-55.32437,-24.13565,-5239785.829592879,-2950251.344837505,11950.251344837505,12801.214170407122,1,1,1.0,2014-08-15,2014-08-15
71,Russia,34.81941,51.43293,2597833.871649585,6022694.563709833,2977.3054362901676,20638.833871649585,1,1,1.0,2019-07-01,2019-07-01
72,Russia,34.94903,51.61147,2601052.3239682284,6041168.6478323005,2958.831352167699,20642.05232396823,1,1,1.0,2019-07-01,2019-07-01
73,Russia,35.22537,52.26573,2597558.588723898,6108637.631917625,2891.362368082375,20638.5585887239,1,1,1.0,2019-07-01,2019-07-01
74,Russia,35.82534,51.53926,2668949.2905528215,6033700.067638009,2966.2999323619906,20709.94929055282,1,1,1.0,2019-07-01,2019-07-01
75,Russia,35.95522,56.03587,2502546.0857973094,6490115.456052486,2509.8845439475144,20543.54608579731,8,8,8.0,2019-06-15,2019-09-15
76,Russia,35.95523,56.03587,2502546.7818147694,6490115.456052486,2509.8845439475144,20543.54678181477,11,11,11.0,2019-06-15,2020-08-15
77,Russia,35.95524,56.03587,2502547.477832228,6490115.456052486,2509.8845439475144,20543.547477832228,1,1,1.0,2020-08-15,2020-08-15
78,Russia,36.36275,51.71694,2702288.5041866773,6052069.407086898,2947.9305929131024,20743.288504186676,1,1,1.0,2019-07-01,2019-07-01
79,Russia,36.52817,55.66796,2557749.9083786933,6453456.949558768,2546.5430504412316,20598.749908378693,2,2,2.0,2019-07-01,2019-07-01
80,Russia,41.91564,56.85553,2877699.7116392828,6571326.529748227,2428.6734702517724,20918.69971163928,1,1,1.0,2019-07-01,2019-07-01
81,Russia,43.21704,60.89483,2754055.248970497,6961823.839066284,2038.1761609337163,20795.055248970497,2,2,2.0,2019-07-01,2019-07-01
82,Russia,44.19865,52.46206,3250110.9113938943,6128812.776440448,2871.187223559552,21291.110911393895,2,2,2.0,2019-07-01,2019-07-01
83,Russia,45.26386,51.70001,3364568.03749565,6050320.251119704,2949.679748880296,21405.56803749565,1,1,1.0,2022-12-15,2022-12-15
84,Russia,45.62111,51.77332,3387647.8123744377,6057892.679047594,2942.1073209524056,21428.64781237444,1,1,1.0,2019-07-01,2019-07-01
85,Russia,45.78379,51.8043,3398252.117400631,6061091.344464464,2938.908655535536,21439.252117400632,1,1,1.0,2019-07-01,2019-07-01
86,Russia,45.7924,51.55849,3410573.3990346217,6035689.42642204,2964.31057357796,21451.57339903462,6,6,6.0,2022-12-15,2022-12-15
87,Russia,45.85,51.55,3415266.2125036595,6034811.167329192,2965.1888326708076,21456.26621250366,3,3,3.0,2022-03-15,2022-03-15
88,Russia,45.881,51.542,3417955.092171854,6033983.541720941,2966.0164582790594,21458.955092171855,3,3,3.0,2023-01-15,2023-01-15
89,Russia,45.8872,51.5472,3418170.1001435355,6034521.504458429,2965.4784955415707,21459.170100143536,2,2,2.0,2023-01-15,2023-01-15
90,Russia,45.89,51.51,3420144.1877760696,6030672.503889402,2969.327496110597,21461.14418777607,1,1,1.0,2022-02-15,2022-02-15
91,Russia,45.8903,51.5452,3418495.9803923178,6034314.598390986,2965.6854016090138,21459.49598039232,1,1,1.0,2023-01-15,2023-01-15
92,Russia,45.8946,51.564,3417923.4285840024,6036259.383252961,2963.740616747039,21458.923428584003,1,1,1.0,2022-12-15,2022-12-15
93,Russia,45.9012,51.5455,3419293.7047217935,6034345.634514493,2965.654365485507,21460.293704721793,2,2,2.0,2023-01-15,2023-01-15
94,Russia,45.9189,51.5365,3421039.7524371967,6033414.518050825,2966.585481949174,21462.0397524372,4,4,4.0,2022-12-15,2022-12-15
95,Russia,45.9267,51.5349,3421696.87549648,6033248.979140117,2966.7510208598833,21462.69687549648,2,2,2.0,2022-12-15,2022-12-15
96,Russia,45.92926,51.55853,3420764.697348681,6035693.56413127,2964.3064358687297,21461.76469734868,1,1,1.0,2022-12-15,2022-12-15
97,Russia,45.9345,51.5494,3421588.950120044,6034749.097266372,2965.2509027336273,21462.588950120044,4,4,4.0,2023-01-15,2023-01-15
98,Russia,45.93731,51.56594,3421011.9399152547,6036460.051658917,2963.539948341083,21462.011939915254,1,1,1.0,2023-01-15,2023-01-15
99,Russia,45.95454,51.55905,3422622.7950496613,6035747.354229378,2964.2526457706226,21463.62279504966,1,1,1.0,2023-01-15,2023-01-15
100,Russia,45.95778,51.53968,3423785.202845353,6033743.520277338,2966.2564797226614,21464.785202845353,1,1,1.0,2019-07-01,2019-07-01
101,Russia,46.01,51.55,3427184.2625363884,6034811.167329192,2965.1888326708076,21468.18426253639,22,22,22.0,2019-05-15,2019-10-15
102,Russia,46.09,51.5,3435526.435046465,6029637.628965634,2970.3623710343663,21476.526435046464,3,3,3.0,2022-06-15,2022-06-15
103,Russia,48.9464,51.5585,3645479.7438445236,6035690.460849472,2964.3095391505276,21686.479743844524,1,1,1.0,2023-01-15,2023-01-15
104,Russia,49.48268,54.19113,3546477.141906755,6305048.6561861895,2694.95134381381,21587.477141906755,1,1,1.0,2019-07-01,2019-07-01
105,Russia,49.6,53.4,3597616.036938546,6224737.965616041,2775.262034383959,21638.616036938547,9,9,9.0,2005-08-18,2005-08-20
106,Russia,50.22,53.23,3651782.5298157004,6207408.467998908,2792.5915320010918,21692.7825298157,7,7,7.0,2005-08-18,2005-08-21
107,Russia,53.85596,57.02082,3687056.898340758,6587625.482247065,2412.3745177529354,21728.056898340757,1,1,1.0,2019-07-01,2019-07-01
108,Russia,65.07481,56.97358,4458711.879171687,6582969.917409343,2417.030082590657,22499.711879171686,1,1,1.0,2019-07-01,2019-07-01
109,Russia,65.12959,57.25872,4440682.200498621,6611038.037398492,2388.9619626015083,22481.68220049862,1,1,1.0,2019-07-01,2019-07-01
110,Russia,66.00259,57.62592,4471570.370965425,6647067.370890762,2352.9326291092384,22512.570370965426,1,1,1.0,2019-07-01,2019-07-01
111,Russia,67.17611,57.57123,4555430.231061797,6641709.591276521,2358.2904087234792,22596.430231061797,1,1,1.0,2019-07-01,2019-07-01
112,Russia,68.5526,58.15305,4601208.210484192,6698557.270193002,2301.4427298069977,22642.20821048419,1,1,1.0,2019-07-01,2019-07-01
113,Russia,80.85168,55.04054,5718548.413388467,6390650.600368339,2609.349399631661,23759.548413388467,3,3,3.0,2023-07-01,2023-07-01
114,Russia,135.08,48.28,10501970.3855871,5692180.202920962,3307.819797079038,28542.970385587098,1,1,1.0,2005-08-15,2005-08-15
115,Russia,135.35,48.55,10487811.433765264,5720791.8402315555,3279.2081597684446,28528.811433765266,1,1,1.0,2002-08-15,2002-08-15
116,South Korea,127.2,38.01,10994512.425307395,4565775.2837373335,4434.224716262666,29035.512425307395,1,1,1.0,2016-06-21,2016-06-21
117,South Korea,127.74,38.13,11029876.053264534,4579326.371906702,4420.673628093297,29070.876053264532,29,29,29.0,2019-05-07,2023-04-20
118,Sweden,13.87,56.22,962445.8530099195,6508414.405196773,2491.5855948032267,19003.44585300992,1,1,1.0,2021-07-01,2021-07-01
119,Sweden,13.98,56.15,971203.0946145594,6501461.531620857,2498.5384683791426,19012.20309461456,2,2,2.0,2020-07-01,2020-07-01
120,Switzerland,7.597,47.11,599043.0171396774,5567554.295388571,3432.4457046114285,18640.043017139677,1,1,1.0,2016-07-01,2016-07-01
121,Ukraine,23.98969,51.26855,1793903.3409194273,6005662.139374058,2994.337860625942,19834.903340919427,1,1,1.0,2019-09-15,2019-09-15
122,Ukraine,23.99086,51.2684,1793994.5308664662,6005646.586683645,2994.353413316355,19834.994530866465,1,1,1.0,2019-09-15,2019-09-15
123,Ukraine,23.99092,51.26701,1794033.2997662162,6005502.46419663,2994.49753580337,19835.033299766215,1,1,1.0,2019-09-15,2019-09-15
124,Ukraine,23.99107,51.26836,1794011.2208587518,6005642.439296379,2994.357560703621,19835.011220858752,1,1,1.0,2019-09-15,2019-09-15
125,Ukraine,23.99204,51.2676,1794102.5010219805,6005563.638685744,2994.436361314256,19835.102501021982,1,1,1.0,2019-09-15,2019-09-15
126,Ukraine,23.99402,51.2688,1794220.9632764766,6005688.060483207,2994.3119395167932,19835.220963276475,1,1,1.0,2019-09-15,2019-09-15
127,Ukraine,23.99451,51.26917,1794248.4773043685,6005726.423629456,2994.273576370544,19835.24847730437,1,1,1.0,2019-09-15,2019-09-15
128,Ukraine,23.99462,51.26916,1794256.9495056982,6005725.38678916,2994.2746132108405,19835.2569495057,1,1,1.0,2019-09-15,2019-09-15
129,Ukraine,23.99467,51.26905,1794263.4018708079,6005713.98154043,2994.2860184595693,19835.26340187081,1,1,1.0,2019-09-15,2019-09-15
130,Ukraine,24.08252,51.20438,1802432.5471614548,5999006.992844463,3000.9930071555364,19843.432547161454,1,1,1.0,2019-09-15,2019-09-15
131,Ukraine,24.08365,51.20447,1802514.8958521122,5999016.329243835,3000.9836707561644,19843.514895852113,1,1,1.0,2019-10-15,2019-10-15
132,Ukraine,24.08414,51.20632,1802505.8303042117,5999208.242631392,3000.791757368608,19843.505830304213,1,1,1.0,2019-09-15,2019-09-15
133,Ukraine,24.08473,51.20634,1802549.4926003104,5999210.317355205,3000.789682644795,19843.549492600312,2,2,2.0,2019-09-15,2019-09-15
134,Ukraine,24.08486,51.20631,1802559.963813727,5999207.205269361,3000.792794730639,19843.55996381373,2,2,2.0,2019-09-15,2019-09-15
135,Ukraine,24.08495,51.20627,1802567.6886035053,5999203.055820404,3000.796944179596,19843.567688603507,1,1,1.0,2019-09-15,2019-09-15
136,Ukraine,24.08503,51.20626,1802573.923221995,5999202.018457958,3000.797981542042,19843.573923221993,1,1,1.0,2019-09-15,2019-09-15
137,Ukraine,24.08511,51.20594,1802587.8226591276,5999168.822815878,3000.8311771841218,19843.587822659127,1,1,1.0,2019-09-15,2019-09-15
138,Ukraine,24.0852,51.20614,1802589.6134210883,5999189.570102131,3000.8104298978687,19843.58961342109,1,1,1.0,2019-09-15,2019-09-15
139,Ukraine,24.08632,51.20547,1802690.0033137007,5999120.066562589,3000.8799334374107,19843.6900033137,1,1,1.0,2019-09-15,2019-09-15
140,Ukraine,24.08661,51.20465,1802731.9832114077,5999035.002022421,3000.9649979775786,19843.731983211408,1,1,1.0,2019-09-15,2019-09-15
141,Ukraine,24.08697,51.20106,1802847.6907207228,5998662.57875063,3001.33742124937,19843.847690720722,1,1,1.0,2019-09-15,2019-09-15
142,Ukraine,24.09006,51.20274,1803037.4263755817,5998836.861723787,3001.1631382762125,19844.03742637558,1,1,1.0,2019-09-15,2019-09-15
143,Ukraine,24.09252,51.2007,1803271.9966796727,5998625.232094701,3001.3747679052985,19844.271996679672,1,1,1.0,2019-09-15,2019-09-15
144,United Kingdom,-2.58418,55.1838,-182360.8991008845,6405023.296744016,2594.976703255984,17858.639100899116,2,2,2.0,2015-07-01,2015-07-01
145,United States of America,-113.8797,45.7125,-9125604.783715729,5417361.739529427,3582.638260470573,8915.39521628427,3,3,3.0,2017-08-15,2017-08-15
146,United States of America,-94.4337,46.185,-7526878.488081344,5468301.881888327,3531.6981181116726,10514.121511918656,5,5,5.0,1998-08-15,1998-08-15
147,United States of America,-90.0627,29.955,-8259352.745938228,3638585.58471572,5361.41441528428,9781.64725406177,1,1,1.0,2009-02-15,2009-02-15
148,United States of America,-90.0462,29.993,-8255875.999584162,3643034.1599300806,5356.965840069919,9785.124000415839,1,1,1.0,2008-08-15,2008-08-15
149,United States of America,-90.0462,29.9938,-8255834.633181956,3643127.8072249927,5356.872192775007,9785.165366818044,1,1,1.0,2008-08-15,2008-08-15
150,nan,11.73397,50.20995,890059.2777860267,5895440.427347439,3104.5595726525607,18931.059277786026,1,1,1.0,2014-07-01,2014-07-01
151,nan,11.87774,50.19249,901172.7014168681,5893614.826302663,3106.3851736973365,18942.17270141687,1,1,1.0,2014-07-01,2014-07-01
152,nan,11.98315,50.04646,910922.0547331092,5878336.43578499,3121.6635642150095,18951.92205473311,4,4,4.0,2014-07-01,2014-07-01
153,nan,12.02628,50.22081,912100.8887867405,5896575.814378178,3103.4241856218223,18953.10088878674,4,4,4.0,2014-07-01,2014-07-01
154,nan,12.0396,50.1689,913737.8671553766,5891147.887163607,3108.8521128363927,18954.737867155378,3,3,3.0,2014-07-01,2014-07-01
155,nan,12.06092,49.99799,917417.8019501838,5873261.46495609,3126.73853504391,18958.417801950185,4,4,4.0,2014-07-01,2014-07-01
156,nan,12.09398,50.19569,917540.1757319998,5893949.433702712,3106.0505662972882,18958.540175732,8,8,8.0,2014-07-01,2014-07-01
157,nan,12.09403,50.03416,919499.455772202,5877048.763632508,3122.951236367492,18960.499455772202,5,5,5.0,2014-07-01,2014-07-01
158,nan,12.12818,50.05793,921807.7422718084,5879537.106538488,3120.462893461512,18962.80774227181,2,2,2.0,2015-07-01,2015-07-01
159,nan,12.12949,50.03103,922233.3815350258,5876721.068282871,3123.278931717129,18963.233381535025,3,3,3.0,2015-07-01,2016-07-01
160,nan,12.13274,50.19364,920505.7434756138,5893735.076789293,3106.264923210706,18961.505743475613,1,1,1.0,2015-07-01,2015-07-01
161,nan,12.14621,50.04678,923313.4878800614,5878369.934573971,3121.6300654260294,18964.313487880063,4,4,4.0,2015-07-01,2015-07-01
162,nan,12.16183,50.03117,924690.5660496156,5876735.72575122,3123.2642742487797,18965.690566049616,8,8,8.0,2015-07-01,2015-07-01
163,nan,12.16814,50.04558,924995.1246345462,5878244.3136904,3121.7556863095997,18965.995124634544,1,1,1.0,2015-07-01,2015-07-01
164,nan,12.169,50.04098,925116.4395467668,5877762.756235499,3122.237243764501,18966.116439546768,3,3,3.0,2015-07-01,2015-07-01
165,nan,12.19421,50.07764,926586.0593293376,5881600.086767995,3118.399913232005,18967.586059329336,2,2,2.0,2015-07-01,2015-07-01
166,nan,12.20328,50.02681,927895.2530191272,5876279.242908334,3123.7207570916653,18968.895253019127,4,4,4.0,2014-07-01,2014-07-01
167,nan,12.21661,50.21498,926607.4204505257,5895966.31367078,3104.0336863292205,18967.607420450528,1,1,1.0,2014-07-01,2014-07-01
168,nan,12.21919,50.08791,928358.6614447234,5882674.889577332,3117.3251104226683,18969.358661444723,3,3,3.0,2015-07-01,2015-07-01
169,nan,12.23282,50.13072,928870.0690516197,5887154.237716902,3112.8457622830974,18969.87006905162,2,2,2.0,2015-07-01,2015-07-01
170,nan,12.24808,50.01899,931397.3601945417,5875460.467028812,3124.5395329711882,18972.39736019454,3,3,3.0,2015-07-01,2015-07-01
171,nan,12.26057,50.22287,929844.6395204217,5896791.171695056,3103.2088283049434,18970.844639520423,4,4,4.0,2015-07-01,2015-07-01
172,nan,12.27356,49.98359,933768.7370072244,5871753.372958501,3128.246627041499,18974.768737007224,1,1,1.0,2015-07-01,2015-07-01
173,nan,12.31822,50.23393,934080.0949536144,5897947.35183308,3102.0526481669203,18975.080094953613,2,2,2.0,2015-07-01,2015-07-01
174,nan,12.32226,50.02705,936939.1269619233,5876304.370801943,3123.695629198057,18977.939126961923,1,1,1.0,2015-07-01,2015-07-01
175,nan,12.3403,50.1357,936969.7652216229,5887675.215211443,3112.324784788557,18977.969765221624,8,8,8.0,2013-07-01,2013-07-01
176,nan,12.38813,49.07825,953560.0229275522,5776606.46420362,3223.393535796379,18994.56002292755,1,1,1.0,2016-07-01,2016-07-01
177,nan,12.39167,49.06841,953951.6284872824,5775568.766637,3224.4312333629996,18994.95162848728,2,2,2.0,2010-07-01,2010-07-01
178,nan,12.39455,49.07537,954089.0689580822,5776302.75570531,3223.69724429469,18995.08906895808,4,4,4.0,2010-07-01,2010-07-01
179,nan,12.4017,50.1957,940886.00222655,5893950.479337869,3106.049520662131,18981.88600222655,3,3,3.0,2013-07-01,2013-07-01
180,nan,12.40656,50.07187,942793.2209533944,5880996.192417113,3119.003807582887,18983.793220953394,3,3,3.0,2014-07-01,2014-07-01
181,nan,12.4236,50.1226,943457.5014709523,5886304.729510959,3113.695270489041,18984.45750147095,1,1,1.0,2013-07-01,2013-07-01
182,nan,12.4438,50.1666,944443.0561738372,5890907.339171075,3109.0926608289246,18985.443056173837,2,2,2.0,2013-07-01,2013-07-01
183,nan,12.49635,49.10738,961534.3383606896,5779677.98323647,3220.32201676353,19002.53433836069,9,9,9.0,2010-07-01,2010-07-01
184,nan,12.52538,49.10988,963737.442104768,5779941.556647467,3220.058443352533,19004.737442104768,1,1,1.0,2015-07-01,2015-07-01
185,nan,12.53195,49.11897,964131.5633208881,5780899.868203409,3219.100131796591,19005.131563320887,3,3,3.0,2015-07-01,2015-07-01
186,nan,12.60194,49.16456,968954.0049794673,5785705.206156503,3214.2947938434963,19009.954004979467,10,10,10.0,2010-07-01,2015-07-01
187,nan,12.61955,49.17075,970231.5443296769,5786357.5268079955,3213.642473192004,19011.231544329676,8,8,8.0,2015-07-01,2015-07-01
188,nan,12.62697,49.1813,970671.5646140585,5787469.247802645,3212.5307521973546,19011.67156461406,9,9,9.0,2015-07-01,2015-07-01
189,nan,12.64788,49.19126,972155.5852360211,5788518.7163679255,3211.4812836320743,19013.15558523602,9,9,9.0,2015-07-01,2015-07-01
190,nan,12.66999,49.18689,973909.2656989658,5788058.266376886,3211.9417336231145,19014.909265698967,14,14,14.0,2015-07-01,2015-07-01
191,nan,12.68404,49.20312,974787.5681997789,5789768.282936187,3210.2317170638125,19015.78756819978,27,27,27.0,2015-07-01,2015-07-01
192,nan,12.694,50.1768,963302.6261269896,5891974.084696851,3108.0259153031493,19004.302626126988,2,2,2.0,2013-07-01,2013-07-01
193,nan,12.71006,49.21295,976664.8023507438,5790803.885307773,3209.1961146922267,19017.664802350744,10,10,10.0,2015-07-01,2015-07-01
194,nan,12.71794,49.24218,976905.8360199209,5793882.851552413,3206.117148447587,19017.90583601992,2,2,2.0,2015-07-01,2015-07-01
195,nan,12.7258,50.0599,967205.0554938714,5879743.313963418,3120.2566860365823,19008.205055493872,1,1,1.0,2013-07-01,2013-07-01
196,nan,12.73345,49.2283,978270.5263799075,5792420.87417396,3207.5791258260406,19019.270526379907,4,4,4.0,2010-07-01,2010-07-01
197,nan,12.73632,49.2211,978580.9226800951,5791662.439961816,3208.3375600381833,19019.580922680096,10,10,10.0,2015-07-01,2015-07-01
198,nan,12.7368,50.1007,967521.335647449,5884013.303191384,3115.9866968086153,19008.52133564745,3,3,3.0,2013-07-01,2013-07-01
199,nan,12.7724,50.0084,971404.0124931718,5874351.586011368,3125.6484139886325,19012.40401249317,1,1,1.0,2013-07-01,2013-07-01
200,nan,12.77433,49.25145,981121.1768816112,5794859.174088015,3205.1408259119844,19022.12117688161,3,3,3.0,2010-07-01,2015-07-01
201,nan,12.795,49.27627,982397.0872385745,5797472.899431669,3202.5271005683308,19023.397087238576,4,4,4.0,2010-07-01,2010-07-01
202,nan,12.86018,49.30098,987089.5809374733,5800074.5583547065,3199.925441645293,19028.089580937474,1,1,1.0,2010-07-01,2010-07-01
203,nan,12.95021,50.2374,981958.2483503594,5898310.07512597,3101.68992487403,19022.95824835036,1,1,1.0,2014-07-01,2014-07-01
204,nan,12.95782,50.25907,982253.3351817608,5900575.046077393,3099.4249539226066,19023.253335181762,8,8,8.0,2014-07-01,2014-07-01
205,nan,12.96987,49.33112,995124.8234473955,5803247.277090845,3196.7527229091547,19036.124823447397,2,2,2.0,2015-07-01,2015-07-01
206,nan,13.01723,49.37358,998215.063489819,5807715.656091347,3192.2843439086528,19039.21506348982,8,8,8.0,2010-07-01,2010-07-01
207,nan,13.06686,50.15654,991862.9648233326,5889855.152984333,3110.1448470156665,19032.862964823333,12,12,12.0,2014-07-01,2014-07-01
208,nan,13.07052,49.42768,1001605.446318323,5813406.932698362,3186.5930673016383,19042.605446318325,1,1,1.0,2010-07-01,2010-07-01
209,nan,13.09182,49.37302,1003942.1461013083,5807656.732433488,3192.3432675665126,19044.942146101308,8,8,8.0,2010-07-01,2010-07-01
210,nan,13.16651,50.12904,999789.746122767,5886978.481760924,3113.0215182390757,19040.789746122766,2,2,2.0,2014-07-01,2014-07-01
211,nan,13.17225,50.1355,1000140.3975373796,5887654.2928060405,3112.3457071939592,19041.14039753738,13,13,13.0,2014-07-01,2014-07-01
212,nan,13.1776,49.46068,1009382.5481896047,5816877.368485997,3183.122631514002,19050.382548189606,1,1,1.0,2016-07-01,2016-07-01
213,nan,13.20313,49.47315,1011175.7707842324,5818188.5479179695,3181.81145208203,19052.175770784233,11,11,11.0,2010-07-01,2010-07-01
214,nan,13.22695,49.52492,1012324.3891982004,5823630.674233957,3176.3693257660425,19053.324389198202,10,10,10.0,2010-07-01,2010-07-01
215,nan,13.2779,50.1488,1007985.2899630083,5889045.562489744,3110.954437510256,19048.98528996301,1,1,1.0,2014-07-01,2014-07-01
216,nan,13.34538,49.55443,1020999.4676227018,5826731.850022141,3173.268149977859,19061.999467622703,2,2,2.0,2010-07-01,2010-07-01
